,title,star_count,review_count,attributes,address,hours,menu,phone,website,pictures,city,state
0,Log House,4.4,533 Google reviews,"['$', 'Family restaurant']","110 New Hartford Rd, Barkhamsted, CT 06063","{'Tuesday': '8AM–8PM', 'Wednesday': '8AM–8PM', 'Thursday': '8AM–8PM', 'Friday': '8AM–8PM', 'Saturday': '8AM–8PM', 'Sunday': '8AM–8PM', 'Monday': '8AM–8PM'}",http://www.theloghouserestaurant.com/menu.html,(860) 379-8937,http://www.theloghouserestaurant.com/,"['https://lh5.googleusercontent.com/p/AF1QipPia5oplL3E_VsPlnf3EfvMs6B1On7-Pe6s3vId=s722-k-no', 'https://lh5.googleusercontent.com/p/AF1QipPCW6op3Ya4KEBnep3CF8_U-Jp6uweThrLimad2=s833-k-no', 'https://lh5.googleusercontent.com/p/AF1QipPSgse9S57MOipP-Be91SBzHTD3L3WsYKPNvIZz=s706-k-no']",Barkhamsted,Connecticut
1,The North End Store,4.5,14 Google reviews,['Restaurant'],"Barkhamsted, CT 06063","{'Tuesday': '8AM–5PM', 'Wednesday': '8AM–5PM', 'Thursday': '8AM–5PM', 'Friday': '8AM–6PM', 'Saturday': '8AM–10PM', 'Sunday': '8AM–5PM', 'Monday': '8AM–5PM'}",,(860) 379-3155,https://m.facebook.com/thenorthendstore/,"['https://lh5.googleusercontent.com/p/AF1QipMrFogD1x1rmUyShAS-zivTdNQHAywxj_-XJ3S3=s773-k-no', 'https://lh5.googleusercontent.com/p/AF1QipPO07Y2PV9KBh0a9R_818xe6cz4t6PMqWonZdsu=s773-k-no', 'https://lh5.googleusercontent.com/p/AF1QipObkB9tW7MjIIWpEma4Zoe9n8kqvus7jWC0QVns=s1031-k-no']",Barkhamsted,Connecticut
2,Rowley Grill and Tap,4.4,264 Google reviews,"['$$', 'American restaurant']","19 Rowley St, Winsted, CT 06098","{'Tuesday': '11AM–9PM', 'Wednesday': '11AM–9PM', 'Thursday': '11AM–9PM', 'Friday': '11AM–9PM', 'Saturday': '11AM–9PM', 'Sunday': '11AM–8:30PM', 'Monday': 'Closed'}",http://www.rowleygrill.com/,(860) 238-4999,https://www.rowleygrill.com/,"['https://lh5.googleusercontent.com/p/AF1QipPVFMnZHWfZrP7pStk9kUzcnZGN9fIVVkhB3x_3=s870-k-no', 'https://lh5.googleusercontent.com/p/AF1QipP_e_Lvw4CNiyLeUyh85YePdf4KUKQUP2LbPYSL=s870-k-no', 'https://lh5.googleusercontent.com/p/AF1QipN5pkj2UUgTLbsvNheM0ucrkiEryOWlHLEZsnX9=s870-k-no', 'https://lh5.googleusercontent.com/p/AF1QipMxtL_nvGPkCA8OpYQMa6VoZvye1ouZYudp6zzz=s870-k-no']",Barkhamsted,Connecticut
3,McGrane's On The Green,4.5,209 Google reviews,"['$', 'American restaurant']","37 Park Pl W, Winsted, CT 06098","{'Tuesday': '6AM–8PM', 'Wednesday': '6AM–8PM', 'Thursday': '6AM–8PM', 'Friday': '6AM–9PM', 'Saturday': '6AM–9PM', 'Sunday': '6AM–2PM', 'Monday': '6AM–8PM'}",,(860) 238-7828,https://www.facebook.com/McGranesOnTheGreen/,"['https://lh5.googleusercontent.com/p/AF1QipMEu7E7YErxY21BGo5fp7M9hhv_jI4KKkQgMz26=s1031-k-no', 'https://lh5.googleusercontent.com/p/AF1QipMwaaL0CEEmWmN3sNm3--EXSYQ-8OcdDABxgQd5=s1354-k-no', 'https://lh5.googleusercontent.com/p/AF1QipM4Vx3UMyhnPgm55CCovzLsPzeV97F_2C3__RtB=s1031-k-no', 'https://lh5.googleusercontent.com/p/AF1QipP9_R_5CgTWjQw4ZcfykURmq5FfHIJbwRUfwQ4K=s1354-k-no']",Barkhamsted,Connecticut
4,Pizza Pete's,4.4,134 Google reviews,"['$$', 'Pizza restaurant']","519 Main St, New Hartford, CT 06057","{'Tuesday': '11AM–9PM', 'Wednesday': '11AM–9PM', 'Thursday': '11AM–9PM', 'Friday': '11AM–9PM', 'Saturday': '11AM–9PM', 'Sunday': '11AM–9PM', 'Monday': 'Closed'}",,(860) 738-7378,https://pizzapetenewhartford.wixsite.com/pizza-pete/menu,"['https://lh5.googleusercontent.com/p/AF1QipMd5I4ron9xTblBCqdqYGVhcdtC4C9mDhUYhwkv=s1031-k-no', 'https://lh5.googleusercontent.com/p/AF1QipPoi5MGhqzhrKyvF3p1jbm3J80bHkNwGKSF9NxF=s750-k-no', 'https://lh5.googleusercontent.com/p/AF1QipP0Z7LF_PTpDs8XW4Sk8wEIcL5RBQpqlD_OCuEj=s750-k-no', 'https://lh5.googleusercontent.com/p/AF1QipNky58CSf9hCM7eMt4LXAlJvTGcYalns3JKGHbo=s773-k-no']",Barkhamsted,Connecticut
5,Bridgestreet Libations & Temptations,4.3,95 Google reviews,['Restaurant'],"2 Bridge St, New Hartford, CT 06057","{'Tuesday': 'Closed', 'Wednesday': 'Closed', 'Thursday': '4–9:30PM', 'Friday': '4–9:30PM', 'Saturday': '4–9:30PM', 'Sunday': '4AM–9:30PM', 'Monday': 'Closed'}",,(860) 238-7444,https://www.bltnewhartford.com/,['https://lh5.googleusercontent.com/p/AF1QipM627KTkXerxIiVhfkLTL9iAFmOlqsi7M8CYRXn=s960-k-no'],Barkhamsted,Connecticut
6,China Delight,4.2,58 Google reviews,"['$$', 'Chinese restaurant']","200 New Hartford Rd # 16, Winsted, CT 06098","{'Tuesday': '11AM–10PM', 'Wednesday': '11AM–10PM', 'Thursday': '11AM–10PM', 'Friday': '11AM–10:30PM', 'Saturday': '11AM–10:30PM', 'Sunday': '12AM–10PM', 'Monday': '11AM–10PM'}",,(860) 379-3467,,"['https://lh5.googleusercontent.com/p/AF1QipO-iEj35dUTXh2-Iyw8KXj3Zr6Cp-0zgoOxDxQq=s866-k-no', 'https://lh5.googleusercontent.com/p/AF1QipOyyGZvV-UoQAU6umMEBnGlrIuduvSanLaYAZke=s1354-k-no', 'https://lh5.googleusercontent.com/p/AF1QipNERLtVRqlOJaOMTDXxsjN1ydWYOZBs_ZaSBcUO=s911-k-no', 'https://lh5.googleusercontent.com/p/AF1QipPgxOR0XaT6PKa2Zeg1x6xCs8YLU-hbAOq7PJ6d=s811-k-no', 'https://lh5.googleusercontent.com/p/AF1QipNsB81wlghdAIyKAITFUunBtdbhi92Jq2IhHD7d=s1193-k-no', 'https://lh5.googleusercontent.com/p/AF1QipMivUoEXWXxk0qrcM6FH40KLRiOvpT73GmOiUhr=s1010-k-no', 'https://lh5.googleusercontent.com/p/AF1QipMpbeaDJA6zm7410jb3VTLRGtIo5pvgYdFFv6Gx=s1010-k-no']",Barkhamsted,Connecticut
7,Sophia's Pizza Restaurant,4.1,232 Google reviews,"['$$', 'Pizza restaurant']","3373, 200 New Hartford Rd, Winsted, CT 06098","{'Tuesday': '11AM–9PM', 'Wednesday': '11AM–9PM', 'Thursday': '11AM–9PM', 'Friday': '11AM–9PM', 'Saturday': '11AM–9PM', 'Sunday': '12–9PM', 'Monday': '11AM–9PM'}",https://slicelife.com/restaurants/ct/winsted/06098/sophia-s-pizza-restaurant/menu,(860) 379-8589,https://www.sophiaspizzarestaurant.com/,"['https://lh5.googleusercontent.com/p/AF1QipN1wRjFyt3_Taspl9xp1CQgouFz-tEvB3KUOFnC=s901-k-no', 'https://lh5.googleusercontent.com/p/AF1QipNsuhnC2K8Bxt0i5IIcTAqMavBHWEn-zDy6cKEt=s773-k-no', 'https://lh5.googleusercontent.com/p/AF1QipMQkVRxG34kgIyc_hwUdwf-Dq_GS9mG26Q4iQ5f=s773-k-no', 'https://lh5.googleusercontent.com/p/AF1QipP6BjNu2_PQ1lu-R8gQigLVmgqAD7RIcDu7rJ8a=s1000-k-no']",Barkhamsted,Connecticut
8,Parrott Delaney Tavern,4.1,222 Google reviews,"['$$', 'Bar & grill']","37 Greenwoods Rd, New Hartford, CT 06057","{'Tuesday': 'Closed', 'Wednesday': 'Closed', 'Thursday': '11:30AM–11PM', 'Friday': '11:30AM–11:30PM', 'Saturday': '11:30AM–11:30PM', 'Sunday': '11:30AM–9PM', 'Monday': 'Closed'}",https://www.parrottdelaneytavern.com/menu,(860) 379-0188,http://www.parrottdelaneytavern.com/,['https://lh5.googleusercontent.com/p/AF1QipP828AZg3MkBiYwiFHn_Mmd3aF7sefOPRqohcOI=s539-k-no'],Barkhamsted,Connecticut
9,Noli's Restaurant,3.9,137 Google reviews,"['$$', 'Pizza restaurant']","183 Main St, Winsted, CT 06098","{'Tuesday': '11AM–10PM', 'Wednesday': '11AM–10PM', 'Thursday': '11AM–10PM', 'Friday': '11AM–10PM', 'Saturday': '11AM–10PM', 'Sunday': '12–10PM', 'Monday': 'Closed'}",http://www.nolisrestaurant.com/menu.html,(860) 738-9718,https://nolisrestaurant.e-tab.com/nolisrestaurant#!/order-type,"['https://lh5.googleusercontent.com/p/AF1QipPQtSRw6Scik9U1WYBEGA6CdbVuZ4g9rTiCrDhj=s1031-k-no', 'https://lh5.googleusercontent.com/p/AF1QipOFFqXFETUN2UzysLpme9eNcUwY-d1LPjZZvUSM=s812-k-no', 'https://lh5.googleusercontent.com/p/AF1QipO1NoWPOXStYG1Ou6FGv0lipOfP-FStxzVzwuw3=s781-k-no', 'https://lh5.googleusercontent.com/p/AF1QipP9bxZYBuCiuWJSHN7qhWHp9QZMndPNmf_y4SCW=s1616-k-no', 'https://lh5.googleusercontent.com/p/AF1QipP90LkTxgwrfeCc2KzF-KX7Ys7eMKaeSWSFKlxa=s1354-k-no', 'https://lh5.googleusercontent.com/p/AF1QipNH8kTUUtodGKc4dthCRqrz-N2y8MHG0GjcZYdq=s1031-k-no', 'https://lh5.googleusercontent.com/p/AF1QipPPybycQBsoslx7qjh9pkZkBsAL518M9BlVc6d5=s901-k-no', 'https://lh5.googleusercontent.com/p/AF1QipP_Xa5Ynm_vEk__wqjbTT8fxfVwjtKif1lPkW28=s1016-k-no', 'https://lh5.googleusercontent.com/p/AF1QipNMyy9o5aLYQxEApP2gVycPCklNi_Le4RuMMnFj=s1031-k-no']",Barkhamsted,Connecticut
10,John's Import Deli,4.6,95 Google reviews,"['$', 'Deli']","98 Main St, Winsted, CT 06098","{'Tuesday': '10AM–5PM', 'Wednesday': '10AM–5PM', 'Thursday': '10AM–5PM', 'Friday': '10AM–5PM', 'Saturday': '10AM–3PM', 'Sunday': '10AM–1:30PM', 'Monday': '10AM–5PM'}",http://johns-import.com/sandwich-menu.html,(860) 379-1805,http://johns-import.com/index.html,"['https://lh5.googleusercontent.com/p/AF1QipP7-LhI-nq2OlIyGqPmxdiFlqht-vFfbKTvGV3t=s781-k-no', 'https://lh5.googleusercontent.com/p/AF1QipPkFU_6rOeSYxTSM19P3XoKL2aYNNcIV55T90H3=s773-k-no']",Barkhamsted,Connecticut
11,Noujaim's Bistro,4.6,84 Google reviews,['Mediterranean restaurant'],"436 Main St, Winsted, CT 06098","{'Tuesday': 'Closed', 'Wednesday': 'Closed', 'Thursday': '5–9PM', 'Friday': '5–9PM', 'Saturday': '5–9PM', 'Sunday': 'Closed', 'Monday': 'Closed'}",https://noujaimsbistro.com/menus,(860) 379-0559,http://www.noujaims.com/,"['https://lh5.googleusercontent.com/p/AF1QipPAq_0JV-S93GGNfJzf5DxigLiivir-f0ilZF4b=s870-k-no', 'https://lh5.googleusercontent.com/p/AF1QipPrvNU9btg22H5MBZh892zdeCOKjel3DTO5aN9w=s870-k-no', 'https://lh5.googleusercontent.com/p/AF1QipNPcTSBbrNiE7bHCzUafXNT8p_v8uZhohrZqb9U=s555-k-no', 'https://lh5.googleusercontent.com/p/AF1QipP8DTunehTdTEoD9CVppPAkuRUBlX5Tv6vYq3BX=s720-k-no', 'https://lh5.googleusercontent.com/p/AF1QipO4lY_9_P2aabzm9vzJwlYLf-q17Z1vg1p6u8Oa=s960-k-no', 'https://lh5.googleusercontent.com/p/AF1QipMhWCwl54n_1Ear1BcekyzsCoMkK6WIQs2ol-sf=s960-k-no', 'https://lh5.googleusercontent.com/p/AF1QipOtGfBldooDdbrGhbIUzcmW6mGyhhCSCL_kgs-1=s960-k-no']",Barkhamsted,Connecticut
12,Mario's Tuscany Grill,4.6,264 Google reviews,"['$$', 'Italian restaurant']","560 Main St, Winsted, CT 06098","{'Tuesday': '4–10PM', 'Wednesday': '4–10PM', 'Thursday': '4–10PM', 'Friday': '12–10PM', 'Saturday': '12–10PM', 'Sunday': '12–10PM', 'Monday': '4–10PM'}",http://places.singleplatform.com/marios-tuscany-grill/menu?ref=google,(860) 379-7415,http://www.mariostuscanygrill.com/,"['https://lh5.googleusercontent.com/p/AF1QipMEjRZmBNm4WVJe8_8G4fXj0OOpR0zulAPhtWu0=s773-k-no', 'https://lh5.googleusercontent.com/p/AF1QipNO0yFH7_M_fFtFA2coV3bXZtdQ3FtfV4kTCb6M=s773-k-no', 'https://lh5.googleusercontent.com/p/AF1QipN45NEP91BoBA09hL3Bx-7Fsam6GgtFBz7R_OoK=s901-k-no', 'https://lh5.googleusercontent.com/p/AF1QipNCv8gST2mNnkKod18fMxvyhX8hPsNUc5qsKsOL=s901-p-k-no', 'https://lh5.googleusercontent.com/p/AF1QipNsUya-bK9KNvmBHOah2ftdiMZZ3mYch2VhizSU=s1031-k-no', 'https://lh5.googleusercontent.com/p/AF1QipOMMWiHIipQI_-xh2_pOf6GN0BUHes9QqB4Z8tb=s1354-k-no', 'https://lh5.googleusercontent.com/p/AF1QipNwJT4KEa47ezefZjf5U4PC4ZPO__SnQ6H6tvEt=s773-k-no']",Barkhamsted,Connecticut
13,Padre's Mexican Cuisine,4.7,54 Google reviews,['Mexican restaurant'],"362 Main St, Winsted, CT 06098","{'Tuesday': 'Closed', 'Wednesday': '11:30AM–9PM', 'Thursday': '11:30AM–9PM', 'Friday': '11:30AM–9PM', 'Saturday': '12–9PM', 'Sunday': 'Closed', 'Monday': 'Closed'}",,(860) 738-3061,https://www.facebook.com/Padres-220693904612219/,"['https://lh5.googleusercontent.com/p/AF1QipO5Su65-mFvzecfPVLfkqyY2Cj6YBgO8f0-eA5f=s842-k-no', 'https://lh5.googleusercontent.com/p/AF1QipOOpw3c4nPk_vqHBAj_G7G83nUCWS0DMZlqeBCw=s1011-k-no', 'https://lh5.googleusercontent.com/p/AF1QipOYYJTe-k8fOeQyql0LwwHaiTK3HlMbfBjNuo3q=s867-k-no', 'https://lh5.googleusercontent.com/p/AF1QipPHY9c9UdpBTXQQJCQVlCs2_QgZsv3T6dxg2blG=s868-k-no']",Barkhamsted,Connecticut
14,Monaco's Ristorante,4.5,103 Google reviews,"['$$', 'Italian restaurant']","380 Main St, Winsted, CT 06098","{'Tuesday': '4–9PM', 'Wednesday': '4–9PM', 'Thursday': '4–9PM', 'Friday': '4–9PM', 'Saturday': '4–9PM', 'Sunday': '4–9PM', 'Monday': 'Closed'}",,(860) 379-6648,https://www.facebook.com/pages/category/Italian-Restaurant/Monacos-Ristorante-322478051142379/,"['https://lh5.googleusercontent.com/p/AF1QipNUhq9E1nrk36R0LTxp2YA_VknQXZufhdjlOP7b=s1031-k-no', 'https://lh5.googleusercontent.com/p/AF1QipOWdcJuPcnGmQ0G2qJJOfr1Gjxp4FQUiMjyncs9=s1031-k-no', 'https://lh5.googleusercontent.com/p/AF1QipMjC-EAygZNPuNrOfwg33frMIBub4T83X0PdK11=s773-k-no', 'https://lh5.googleusercontent.com/p/AF1QipM5E7bzKjjFeg_pVKX7w7FfIFKt9mk7oblev0D0=s773-k-no']",Barkhamsted,Connecticut
15,Riverton General Store,4.7,100 Google reviews,['Deli'],"2 Main St, Riverton, CT 06065","{'Tuesday': '6AM–4PM', 'Wednesday': '6AM–4PM', 'Thursday': '6AM–4PM', 'Friday': '6AM–4PM', 'Saturday': '6AM–4PM', 'Sunday': '6AM–4PM', 'Monday': '6AM–4PM'}",,(860) 379-0811,https://m.facebook.com/Riverton-General-Store-167593546622539/,"['https://lh5.googleusercontent.com/p/AF1QipO2QwFu2O0I5nay5YkvnIs54JQhojJ_4OUmNwr5=s1011-k-no', 'https://lh5.googleusercontent.com/p/AF1QipOgSkL0tbE4PL7KJHmHSWFyhiBBBvdopd5jfvwr=s1031-k-no', 'https://lh5.googleusercontent.com/p/AF1QipPywv8UdrNPA3qYWF5NIxoBVojJYvBRIwgmGZrD=s1012-k-no', 'https://lh5.googleusercontent.com/p/AF1QipMvdwLK9Zsl6YYPpZifw_CkKR18jrf9pudwJBTb=s1011-p-k-no', 'https://lh5.googleusercontent.com/p/AF1QipP8Ik1zcL3a39OoSGHZZcqbKHU7-ir2fXF6uPVa=s1354-k-no', 'https://lh5.googleusercontent.com/p/AF1QipOhBWrtcv8NMSotEMcp-P4iA_aleHv-UjvAvfB6=s867-k-no', 'https://lh5.googleusercontent.com/p/AF1QipPQEp_5rV3jDfIDCKuk8CyxdIAODJ41Q5vK5Su7=s1016-k-no']",Barkhamsted,Connecticut
16,Better Half Bistro,4.8,67 Google reviews,['Sandwich shop'],"360 Main St, Pine Meadow, CT 06061","{'Tuesday': '8AM–4PM', 'Wednesday': '8AM–4PM', 'Thursday': '8AM–4PM', 'Friday': '8AM–4PM', 'Saturday': '8AM–4PM', 'Sunday': 'Closed', 'Monday': 'Closed'}",http://www.urbanspoon.com/cities/369-connecticut/restaurants/521102-foothills-delery/menu?utm_source=Google&utm_medium=Local&utm_campaign=GoogleMenus,(860) 379-1818,https://m.facebook.com/Better-Half-Bistro-1489863724567098/,"['https://lh5.googleusercontent.com/p/AF1QipPdvSxalU95S3VOnT_wwERpyedrh9_ckC1Bbd03=s1031-k-no', 'https://lh5.googleusercontent.com/p/AF1QipPAxZ-QDMbWP3xRgPbQENpRvsAEhkW4jcsNVCSu=s676-k-no', 'https://lh5.googleusercontent.com/p/AF1QipM5Ng_ljXVB8hzppW7IT4ZaOIHdq0WDw4bt1ds1=s901-k-no']",Barkhamsted,Connecticut
17,Kurt's Mucke's Hot Dogs,4.9,38 Google reviews,['Fast food restaurant'],"336 Pinewoods Rd, Torrington, CT 06790","{'Tuesday': '10:30AM–3PM', 'Wednesday': '10:30AM–3PM', 'Thursday': '10:30AM–3PM', 'Friday': '10:30AM–3PM', 'Saturday': '10:30AM–3PM', 'Sunday': '10:30AM–3PM', 'Monday': '10:30AM–3PM'}",,(860) 309-2593,,[],Barkhamsted,Connecticut
18,Ocean Garden Chinese Restaurant,4.1,66 Google reviews,"['$', 'Chinese restaurant']","141 Main St, Winsted, CT 06098","{'Tuesday': 'Closed', 'Wednesday': '11AM–10:30PM', 'Thursday': '11AM–10:30PM', 'Friday': '11AM–11PM', 'Saturday': '11AM–11PM', 'Sunday': '2–10PM', 'Monday': '11AM–10:30PM'}",,(860) 379-1211,http://ashiant.net/chefmoz/United_States/CT/Winsted/2010_Ocean_Garden_860-379-1211.pdf,"['https://lh5.googleusercontent.com/p/AF1QipMoSdX7gKuOWyLduExqdnAQ3KB0-vMKuYzXBli6=s1016-k-no', 'https://lh5.googleusercontent.com/p/AF1QipMAguxexE8p__1zUjimZWoH1dRsnsjz1TTA_-Tb=s1354-k-no']",Barkhamsted,Connecticut
19,ABC Pizza House,4.3,259 Google reviews,"['$', 'Pizza restaurant']","228 Main St, Winsted, CT 06098","{'Tuesday': '10AM–10PM', 'Wednesday': '10AM–10PM', 'Thursday': '10AM–10PM', 'Friday': '10AM–10PM', 'Saturday': '10AM–10PM', 'Sunday': '10AM–10PM', 'Monday': '10AM–9PM'}",,(860) 379-0747,,"['https://lh5.googleusercontent.com/p/AF1QipO3E0zQ4jql8wTUvCQ-nQYikCIPenapB-IkKEJO=s1031-k-no', 'https://lh5.googleusercontent.com/p/AF1QipOLreZutIKW5lHffq-w5MhZjOztX_rE2kcYfjfu=s901-k-no', 'https://lh5.googleusercontent.com/p/AF1QipOUVKm5zoYtzHMGTK3UQNaTbzGG78z-KGQAW4lH=s1354-p-k-no', 'https://lh5.googleusercontent.com/p/AF1QipMDwLkVIl4ZGL2f3dgw0RCtnD0diyU6ILGHOt8O=s773-k-no', 'https://lh5.googleusercontent.com/p/AF1QipNfx_FkjoOhuZKqupsnSI6aihumALIKjWfNunBO=s1016-k-no']",Barkhamsted,Connecticut
20,Log House,4.4,533 Google reviews,"['$', 'Family restaurant']","110 New Hartford Rd, Barkhamsted, CT 06063","{'Tuesday': '8AM–8PM', 'Wednesday': '8AM–8PM', 'Thursday': '8AM–8PM', 'Friday': '8AM–8PM', 'Saturday': '8AM–8PM', 'Sunday': '8AM–8PM', 'Monday': '8AM–8PM'}",http://www.theloghouserestaurant.com/menu.html,(860) 379-8937,http://www.theloghouserestaurant.com/,"['https://lh5.googleusercontent.com/p/AF1QipPia5oplL3E_VsPlnf3EfvMs6B1On7-Pe6s3vId=s722-k-no', 'https://lh5.googleusercontent.com/p/AF1QipPCW6op3Ya4KEBnep3CF8_U-Jp6uweThrLimad2=s833-k-no', 'https://lh5.googleusercontent.com/p/AF1QipPSgse9S57MOipP-Be91SBzHTD3L3WsYKPNvIZz=s706-k-no']",Barkhamsted,Connecticut
21,The Original Antonio's,4.8,272 Google reviews,"['$$', 'Italian restaurant']","90 N Main St, Beacon Falls, CT 06403","{'Tuesday': '11AM–8:30PM', 'Wednesday': '11AM–8:30PM', 'Thursday': '11AM–8:30PM', 'Friday': '11AM–9PM', 'Saturday': '11AM–9PM', 'Sunday': '12–8:30PM', 'Monday': 'Closed'}",http://www.theoriginalantonios.com/Pages/menu.aspx,(203) 729-8882,http://www.theoriginalantonios.com/,"['https://lh5.googleusercontent.com/p/AF1QipPYuWOp0hTQxyPhWRPa59OAFDUBtFn5skqK6g8W=s773-k-no', 'https://lh5.googleusercontent.com/p/AF1QipNANJY7yWjH-dXZBqZegOzFLaa3hNRWOavcfrKo=s1354-k-no', 'https://lh5.googleusercontent.com/p/AF1QipOx7viGMjL3EyrCO4UOT0TnVpTtThsSZjdIJvwa=s812-k-no', 'https://lh5.googleusercontent.com/p/AF1QipMWhDJ6K5oDasqVFLsspgmkn3amBRYzwSRRKRHu=s812-k-no', 'https://lh5.googleusercontent.com/p/AF1QipPqqRJ-5JQkqdZCm-ptVVAARZQZWi7PaC--THVn=s1031-k-no', 'https://lh5.googleusercontent.com/p/AF1QipPHf-eAF1cB78xc8V5jQQhV7o9Jx0E4xpycgEHb=s1354-k-no', 'https://lh5.googleusercontent.com/p/AF1QipOBKO0qGWpJa3yHB4SPbcUS4ukbJ9NHvqcieb18=s967-k-no', 'https://lh5.googleusercontent.com/p/AF1QipNaJWGJs8ewE6n4YFZ1dIigCkxlJ5GbWwPhf0WZ=s812-k-no', 'https://lh5.googleusercontent.com/p/AF1QipOqpz00mfIfVigoSWiBB5Wbj7fo9moFQH2VTvQy=s1354-k-no', 'https://lh5.googleusercontent.com/p/AF1QipOQSUXwCvBgat3A7S_dJHqNaiDwt1DltkctFsUX=s1354-k-no', 'https://lh5.googleusercontent.com/p/AF1QipOuA1Sm37jmChF0bVsSt-7NKeKZ2OJI8sYIMBnb=s1354-k-no']",Beacon Falls,Connecticut
22,Beacon Falls Pizza Palace,4.5,143 Google reviews,"['$$', 'Pizza restaurant']","125 S Main St, Beacon Falls, CT 06403","{'Tuesday': '11AM–9PM', 'Wednesday': '11AM–9PM', 'Thursday': '11AM–9PM', 'Friday': '11AM–10PM', 'Saturday': '11AM–10PM', 'Sunday': '12–9PM', 'Monday': '11AM–9PM'}",,(203) 723-8705,http://www.beaconfallspizzapalace.com/,"['https://lh5.googleusercontent.com/p/AF1QipOtzYHyzBj73QZqgO5fmiEhsU9HiJGfX_pihQ_n=s923-k-no', 'https://lh5.googleusercontent.com/p/AF1QipOzlv6LIg_6TnrGUilM57kYh1pIaulnE4YkgAHu=s1031-k-no', 'https://lh5.googleusercontent.com/p/AF1QipNrVOFXMGpVpf7wiadGrJC2_N_QCCQPWpima1DP=s773-k-no', 'https://lh5.googleusercontent.com/p/AF1QipOoGXOA-8zrOqz3WKTXTdGmad2YCbJLFad3IVDv=s773-k-no', 'https://lh5.googleusercontent.com/p/AF1QipNPqkrGF1aCDRazzx5DOwy8txauRjIVDJ9dbjso=s812-k-no', 'https://lh5.googleusercontent.com/p/AF1QipNm1tjEpRaADSxuqpSYw8i0oNnTDW0kNK9FbXTE=s1354-k-no', 'https://lh5.googleusercontent.com/p/AF1QipNqEzRhfp1t57-TZIcpl17z4x6J7pL6GlvVd5yL=s1354-k-no', 'https://lh5.googleusercontent.com/p/AF1QipOQJtjozGfineg1taXvh8ag9US2rdetKiRGGFk3=s1354-k-no']",Beacon Falls,Connecticut
23,The River's Edge Pub & Grille,4.8,64 Google reviews,['Bar & grill'],"29 N Main St, Beacon Falls, CT 06403","{'Tuesday': '4PM–1AM', 'Wednesday': '4PM–1AM', 'Thursday': '4PM–1AM', 'Friday': '4PM–2AM', 'Saturday': '11AM–2AM', 'Sunday': '11AM–1AM', 'Monday': '4PM–1AM'}",,(203) 632-8892,https://www.facebook.com/riversedgepubgrille,"['https://lh5.googleusercontent.com/p/AF1QipOOFHsPgKlY1PJpImASWwonhfpm0pqnVgHxNmg=s1031-k-no', 'https://lh5.googleusercontent.com/p/AF1QipMYBfpZn6FXa0uDsapAXfNPZ7ZI6yoB-ou3h6t2=s1354-k-no', 'https://lh5.googleusercontent.com/p/AF1QipMJgKENxZfyz61Fljc7WpADLtBTxCxKneHlDMSw=s1016-k-no']",Beacon Falls,Connecticut
24,New Harvest Restaurant,4.3,60 Google reviews,"['$$', 'American restaurant']","57 S Main St, Beacon Falls, CT 06403","{'Tuesday': '3:30–10PM', 'Wednesday': '3:30–10PM', 'Thursday': '3:30–10PM', 'Friday': '3:30PM–12AM', 'Saturday': '3:30PM–12AM', 'Sunday': '1:30–7PM', 'Monday': '3:30–10PM'}",,(203) 632-8012,http://www.facebook.com/newharvestrestaurant,"['https://lh5.googleusercontent.com/p/AF1QipP35v-Yzx8v9nyriS0Lg8aHVsx_0vAta3iJGmC8=s1031-k-no', 'https://lh5.googleusercontent.com/p/AF1QipNeNPidfqt0MNop46vOnSRHp96oyBEjMKLYgIC6=s836-k-no', 'https://lh5.googleusercontent.com/p/AF1QipMaRJmUiRpnTcrqhUV8oMPhsmA4erut1dumUgyy=s960-k-no']",Beacon Falls,Connecticut
25,Brookside Inn Restaurant,4.4,305 Google reviews,"['$$', 'American restaurant']","231 Oxford Rd, Oxford, CT 06478","{'Tuesday': '11:30AM–9PM', 'Wednesday': '11:30AM–10PM', 'Thursday': '11:30AM–10PM', 'Friday': '11:30AM–10PM', 'Saturday': '11:30AM–10PM', 'Sunday': '11:30AM–9PM', 'Monday': '11:30AM–9PM'}",http://brooksideinn1954.com/menus/take-out-party-trays/,(203) 888-2272,http://brooksideinn1954.com/,"['https://lh5.googleusercontent.com/p/AF1QipN56JYa0QgmJPuVZOBDA1olndicqzDrCYn8wnWh=s1031-k-no', 'https://lh5.googleusercontent.com/p/AF1QipNfJ5IEoIXjwqStjMoOaO8xS-XbQjiFByAW2zXq=s869-k-no', 'https://lh5.googleusercontent.com/p/AF1QipMCkQwAOsfGF15hqPN6BBtiSrrXNJki4VPW0HgZ=s1193-k-no', 'https://lh5.googleusercontent.com/p/AF1QipNlYZUHyW040hQjemvFin6FNQyGoDyQ1qCg61TK=s901-k-no', 'https://lh5.googleusercontent.com/p/AF1QipMKfhp804DUWiTh79F2YHPQkm7clnvGHhZzqe3p=s901-k-no', 'https://lh5.googleusercontent.com/p/AF1QipNVYTR_E_OPjXTCCL2g4Fv53bT2VvybTHgmhebC=s1016-k-no', 'https://lh5.googleusercontent.com/p/AF1QipO1ZupeDG40kmpV_7OjbWlwVJ0TiQu8CYlo-dxB=s1031-k-no', 'https://lh5.googleusercontent.com/p/AF1QipPTfVfhtOLSnm72ZhEPx9rTOhrSc6Z7fHn0xaPC=s1354-k-no', 'https://lh5.googleusercontent.com/p/AF1QipNoG9E8kYO9JG8Hn0CkaocpLhwMoN5DDCAzOIK-=s773-k-no', 'https://lh5.googleusercontent.com/p/AF1QipNFjmMfU7s2V_4_3Z6Z5HMRtOm2qfDENf5QAnn2=s1031-k-no']",Beacon Falls,Connecticut
26,Karaku Restaurant,4.4,154 Google reviews,"['$$', 'Sushi restaurant']","1 Klarides Village Dr, Seymour, CT 06483","{'Tuesday': '11AM–10PM', 'Wednesday': '11AM–10PM', 'Thursday': '11AM–10PM', 'Friday': '11AM–10PM', 'Saturday': '11AM–11PM', 'Sunday': '12–10PM', 'Monday': '11AM–10PM'}",http://places.singleplatform.com/karaku/menu?ref=google,(203) 888-6888,http://karakusushi.com/,['https://lh5.googleusercontent.com/p/AF1QipNs8WDqs-ZKWDFxc1V30GPyMq7kIuIBcnE_4bgF=s580-k-no'],Beacon Falls,Connecticut
27,Giuseppe's Italian Pizzeria,4.5,254 Google reviews,"['$$', 'Pizza restaurant']","1183 New Haven Rd, Naugatuck, CT 06770","{'Tuesday': '11AM–9PM', 'Wednesday': '11AM–9PM', 'Thursday': '11AM–9PM', 'Friday': '11AM–10PM', 'Saturday': '11AM–10PM', 'Sunday': '12–9PM', 'Monday': '11AM–9PM'}",,(203) 729-1992,,"['https://lh5.googleusercontent.com/p/AF1QipMSDHHxK2YxMNhisZE0E38UbJ05tn6ToMf7A1gw=s1031-k-no', 'https://lh5.googleusercontent.com/p/AF1QipPRj7ALJ3XprHh2XNwBYNxEpko_eufFJuGpfNDw=s1354-k-no', 'https://lh5.googleusercontent.com/p/AF1QipOswgMmFi8S3FXwubE3137T2nDRabTlf0OQyK6r=s1354-k-no']",Beacon Falls,Connecticut
28,Wen's Asian Fusion,4.7,135 Google reviews,"['$$', 'Japanese restaurant']","799 New Haven Rd, Naugatuck, CT 06770","{'Tuesday': '12–8PM', 'Wednesday': '12–8PM', 'Thursday': '12–8PM', 'Friday': '12–8PM', 'Saturday': '12–8PM', 'Sunday': 'Closed', 'Monday': '12–8PM'}",,(203) 720-1515,http://www.wensmenu.com/,"['https://lh5.googleusercontent.com/p/AF1QipPWHqV5Xcm2tazdynnhtckwkrMHIpNCfB3U1M0-=s1031-k-no', 'https://lh5.googleusercontent.com/p/AF1QipMFC_pKtdlb_0i4yy9vD1HCNchSBwiacwqmsu82=s1031-k-no', 'https://lh5.googleusercontent.com/p/AF1QipMsugCouNMLf9b8_AsnoQRROC7PU_GrVChRVJi_=s1016-k-no', 'https://lh5.googleusercontent.com/p/AF1QipN3EpwFmpptPMwYWI8KTTgeIENUSRveILYt6WUo=s1354-k-no', 'https://lh5.googleusercontent.com/p/AF1QipO48qH0itc1OnF6fHiRolF0fvtFF1PaHFBFfWVM=s1016-k-no', 'https://lh5.googleusercontent.com/p/AF1QipOXTPl-8NUDZFkzsF3jffe5B8GyGsalr0SUXgkz=s1031-k-no', 'https://lh5.googleusercontent.com/p/AF1QipNGQ_0g6hNmF8bmK25tgpwzgxYxJgxZYyCaQQ8Z=s812-k-no']",Beacon Falls,Connecticut
29,Shing Jet Restaurant,4.0,58 Google reviews,['Restaurant'],"144 Oxford Rd, Oxford, CT 06478","{'Tuesday': '11AM–10:30PM', 'Wednesday': '11AM–10:30PM', 'Thursday': '11AM–10:30PM', 'Friday': '11AM–11PM', 'Saturday': '11AM–11PM', 'Sunday': '12–10:30PM', 'Monday': '11AM–10:30PM'}",http://places.singleplatform.com/shing-jet-restaurant/menu?ref=google,(203) 888-8688,http://shing-jet.jany.io/,"['https://lh5.googleusercontent.com/p/AF1QipPATITyVWIOK0k9Xj_zg367qx89sA4s_xhzTNpe=s773-k-no', 'https://lh5.googleusercontent.com/p/AF1QipMHyeDRWALk_VutF_gSzIZ8oh4tPlKAEDY_e5E-=s1354-k-no', 'https://lh5.googleusercontent.com/p/AF1QipMrt_5kdNLz5HBk0K4FsNvsA-plM0zVMzFrMe39=s1031-k-no', 'https://lh5.googleusercontent.com/p/AF1QipPxr7NSQDkJbhJ5OBgoT4RCW4oRjsW_pGm2dNap=s533-k-no']",Beacon Falls,Connecticut
30,Subway,3.8,43 Google reviews,"['$', 'Sandwich shop']","94 N Main St Unit B, Beacon Falls, CT 06403","{'Tuesday': '10AM–8PM', 'Wednesday': '10AM–8PM', 'Thursday': '10AM–8PM', 'Friday': '10AM–8PM', 'Saturday': '10AM–8PM', 'Sunday': '10AM–8:30PM', 'Monday': '10AM–8PM'}",https://order.subway.com/en-us/restaurant/48051/menu/?utm_source=yxt-goog&utm_medium=local&utm_term=acquisition&utm_content=48051&utm_campaign=yxt-restaurant-listing-allyear-2020&cid=0%3Atx%3A0%3Aswy-web%3A0%3A0&segment_code=0&y_source=1_MTQ5MDgyNjItNzE1LWxvY2F0aW9uLm1lbnVfdXJs,(203) 720-2840,https://order.subway.com/en-us/restaurant/48051/menu/?utm_source=yxt-goog&utm_medium=local&utm_term=acq&utm_content=48051&utm_campaign=evergreen-2020&y_source=1_MTQ5MDgyNjItNzE1LWxvY2F0aW9uLmdvb2dsZV93ZWJzaXRlX292ZXJyaWRl,['https://lh5.googleusercontent.com/p/AF1QipMMuchDNVrp6VLp41zKlwMxJKA2vZo5T--_6Q5h=s773-k-no'],Beacon Falls,Connecticut
31,Rose's Family Restaurant,4.4,252 Google reviews,"['$$', 'Family restaurant']","35 Old State Rd 67, Oxford, CT 06478","{'Tuesday': '11AM–8:30PM', 'Wednesday': '11AM–8:30PM', 'Thursday': '11AM–8:30PM', 'Friday': '11AM–10PM', 'Saturday': '11AM–10PM', 'Sunday': '12–8PM', 'Monday': 'Closed'}",http://rosesfamilyrest.com/media/roses_takeout.pdf,(203) 881-0250,http://rosesfamilyrest.com/,"['https://lh5.googleusercontent.com/p/AF1QipPCoCF9QxXou2rySj45JNaH3hYk854dNv-GHwB8=s960-k-no', 'https://lh5.googleusercontent.com/p/AF1QipOpl483Vi1YSAoFxzjbrbwoDMb5NveDFh8iDfpz=s1031-k-no']",Beacon Falls,Connecticut
32,Pub 67,4.3,301 Google reviews,"['$$', 'Bar & grill']","225 West St, Seymour, CT 06483","{'Tuesday': '11:30AM–10PM', 'Wednesday': '11:30AM–10PM', 'Thursday': '11:30AM–10PM', 'Friday': '11:30AM–10PM', 'Saturday': '11:30AM–10PM', 'Sunday': '11:30AM–10PM', 'Monday': '11:30AM–10PM'}",http://www.pub67ct.com/,(203) 828-6666,http://www.pub67ct.com/,"['https://lh5.googleusercontent.com/p/AF1QipOX-8aAYg7w1811uNNggbM4WUZZArTSJPLGuOJR=s1032-k-no', 'https://lh5.googleusercontent.com/p/AF1QipOYeIK8pRtHAnvQhrjImD_iEbjy3AbNs5aNm1Wx=s676-k-no', 'https://lh5.googleusercontent.com/p/AF1QipP6m91CNRRjSv9Y3tSP--tMmR3bJ_x4EQk3o_TC=s1354-k-no', 'https://lh5.googleusercontent.com/p/AF1QipM7qoxlpMAbfc20Ctsf39XasiSVUn3cipJkxSOv=s868-k-no']",Beacon Falls,Connecticut
33,Zois Pizza Palace,4.4,430 Google reviews,"['$', 'Pizza restaurant']","48 Main St, Seymour, CT 06483","{'Tuesday': '11AM–9PM', 'Wednesday': '11AM–9PM', 'Thursday': '11AM–9PM', 'Friday': '11AM–9:30PM', 'Saturday': '11AM–9:30PM', 'Sunday': '2–9PM', 'Monday': 'Closed'}",http://www.zoispizza.com/menu.php,(203) 888-1131,http://www.zoispizza.com/,['https://lh5.googleusercontent.com/p/AF1QipMbVwM7K08IOgkXC0u3mMsRQK3045xWQ4aRNEW7=s1000-k-no'],Beacon Falls,Connecticut
34,Oxford Pizza Palace,4.6,117 Google reviews,"['$', 'Pizza restaurant']","71 Oxford Rd #6, Oxford, CT 06478","{'Tuesday': '11AM–9PM', 'Wednesday': '11AM–9PM', 'Thursday': '11AM–9PM', 'Friday': '11AM–10PM', 'Saturday': '11AM–10PM', 'Sunday': '11AM–9PM', 'Monday': '11AM–9PM'}",,(203) 888-2490,https://www.facebook.com/oxfordpizzapalace/,"['https://lh5.googleusercontent.com/p/AF1QipPFj5aEJnwdBQYXrs5H2MgwpQH6nhnSaAFpDrwL=s773-k-no', 'https://lh5.googleusercontent.com/p/AF1QipPbT3EWltqFKRej4buzC-_0kdHFPXLodHL2z9uA=s812-k-no', 'https://lh5.googleusercontent.com/p/AF1QipMmh9_LgSF_Jf2BkaChG5P7tYKex3NH-0aw1vJ4=s1354-k-no']",Beacon Falls,Connecticut
35,Hunan Wok,3.8,61 Google reviews,"['$$', 'Chinese restaurant']","1183 New Haven Rd, Naugatuck, CT 06770","{'Tuesday': '11AM–8PM', 'Wednesday': '11AM–8PM', 'Thursday': '11AM–8PM', 'Friday': '11AM–8PM', 'Saturday': '11AM–8PM', 'Sunday': '12–8PM', 'Monday': '11AM–8PM'}",https://www.hunanwokct.com/menu,(203) 723-6611,https://www.hunanwokct.com/,"['https://lh5.googleusercontent.com/p/AF1QipN3PcfkPPvHEf9BuFXdPDVHz8j5ChfNco6MXhPi=s1031-k-no', 'https://lh5.googleusercontent.com/p/AF1QipMhi2p77TlYSaE0_ZLP2drrMYudi2IAh9KL6lQG=s1354-k-no', 'https://lh5.googleusercontent.com/p/AF1QipMUqhVgelyzfgi-2muOIPHCPCk99g80lxzSLFG2=s1354-k-no', 'https://lh5.googleusercontent.com/p/AF1QipMKdl_gXw0vAzjvbBBKlfQmQ_QY4eAa-Kok5s70=s1031-k-no', 'https://lh5.googleusercontent.com/p/AF1QipPqTEHzcc9Bi5HniZC9CUIHggJ21ZnLtu4G1ZPE=s1031-k-no']",Beacon Falls,Connecticut
36,China House Restaurant,3.8,83 Google reviews,"['$$', 'Chinese restaurant']","84 Bank St, Seymour, CT 06483","{'Tuesday': '10:30AM–10PM', 'Wednesday': '10:30AM–10PM', 'Thursday': '10:30AM–10PM', 'Friday': '10:30AM–11PM', 'Saturday': '10:30AM–11PM', 'Sunday': '11:30AM–10PM', 'Monday': 'Closed'}",https://www.chinahouseseymourct.com/menu,(203) 881-0184,http://www.chinahouseseymourct.com/,"['https://lh5.googleusercontent.com/p/AF1QipNf8IL3s3LYdVi746uxoNl2uQpKeKIXagAZiZj0=s901-k-no', 'https://lh5.googleusercontent.com/p/AF1QipNq4-U_SawuDftvP6uIYB_CQz27Bpqh0xCJqhaN=s1354-k-no', 'https://lh5.googleusercontent.com/p/AF1QipPJWp1MP3AxN3AuxKGnqa2morCoE79tUCC341kg=s1031-k-no']",Beacon Falls,Connecticut
37,Bobby Fritz Snack Bar,4.4,363 Google reviews,"['$', 'Diner']","72 Oxford Rd, Oxford, CT 06478","{'Tuesday': '7AM–2PM', 'Wednesday': '7AM–7PM', 'Thursday': '7AM–2PM', 'Friday': '7AM–7PM', 'Saturday': '7AM–7PM', 'Sunday': '7AM–2PM', 'Monday': '7AM–2PM'}",https://www.toasttab.com/fritzs-snack-bar-72-oxford-rd,(203) 888-9604,http://fritzssnackbar.com/,"['https://lh5.googleusercontent.com/p/AF1QipPVAMrDdvC6fQcSKAbAKfJvTlKD0VSGjssxq7LN=s1160-k-no', 'https://lh5.googleusercontent.com/p/AF1QipPhp5Xv7RQWL53JsN87p-TyYlgVA9mFLu8CQsvT=s1354-k-no', 'https://lh5.googleusercontent.com/p/AF1QipM6SAdzpuN4Aq4D4oltJfz4n_Glzs2g38MtT240=s1354-k-no', 'https://lh5.googleusercontent.com/p/AF1QipOVguVg6y8zCzEDnSz4QcU8V9ju98XSO_Zli1Jj=s773-p-k-no', 'https://lh5.googleusercontent.com/p/AF1QipNf4doZkvADTBgw7Yyzf8HRwXlFN0I-URjYsPwp=s1031-k-no', 'https://lh5.googleusercontent.com/p/AF1QipOQsFjm7rDGh0gK1hVfh9ixslObpMwqA9Db3NI8=s1031-k-no', 'https://lh5.googleusercontent.com/p/AF1QipOL4zm3ThGOwPQKA5UxP4hP_VydCEdWAWdA5fhA=s901-k-no', 'https://lh5.googleusercontent.com/p/AF1QipP584dhSx9A2NtuCirNLmDyAEYUk44MikNlOw8O=s1160-k-no', 'https://lh5.googleusercontent.com/p/AF1QipMJaK0zqposNfxo9mds7OS6ddU3zBFOPz6YSpsw=s1354-k-no', 'https://lh5.googleusercontent.com/p/AF1QipO-U-XBFsnqGaMVJ-OgcQDnt7aVzYEf_lgP0hNQ=s1354-k-no', 'https://lh5.googleusercontent.com/p/AF1QipMMFAvRme_hOaETICJxnQMB3SXvLFbIgONMfxCc=s812-k-no']",Beacon Falls,Connecticut
38,Sweet Treats by Sonia,4.9,26 Google reviews,['Bakery'],"113 S Main St, Beacon Falls, CT 06403",,,(203) 443-1910,,"['https://lh5.googleusercontent.com/p/AF1QipMYjX9XrfxoC-yKua9oZzDoTBcv-EWnD4oscxIe=s773-k-no', 'https://lh5.googleusercontent.com/p/AF1QipOXlXfWh7elPjE5kC6KgRktB2-I41qzfum4DyPe=s870-k-no', 'https://lh5.googleusercontent.com/p/AF1QipO2O2reo32QVzIGvRhGt7NofElwl0zhfeibN_c7=s901-k-no', 'https://lh5.googleusercontent.com/p/AF1QipOP28FfY8qA12XZz-LUBB5fJS0cd9lW5CMWdokP=s1014-k-no']",Beacon Falls,Connecticut
39,Pizzaro's Pizzeria,4.6,122 Google reviews,"['$$', 'Pizza restaurant']","225 West St, Seymour, CT 06483","{'Tuesday': 'Closed', 'Wednesday': 'Closed', 'Thursday': 'Closed', 'Friday': 'Closed', 'Saturday': 'Closed', 'Sunday': 'Closed', 'Monday': 'Closed'}",,(203) 881-9551,https://www.facebook.com/Pizzaros/,"['https://lh5.googleusercontent.com/p/AF1QipN0_0CPotKPc74K4SitPO4wZFnD6PItdg9Fj0Hw=s1354-k-no', 'https://lh5.googleusercontent.com/p/AF1QipN_XEp8GAl63k8E1druEj6SghUPCV6zVAfJtcn7=s1354-k-no', 'https://lh5.googleusercontent.com/p/AF1QipO6PYZTptNzKxUIlUD7aPD0QokNEFXC7i_h19Ui=s901-k-no']",Beacon Falls,Connecticut
40,Mario's Pizzeria,4.6,322 Google reviews,"['$', 'Pizza restaurant']","123 Cherry St #2, Naugatuck, CT 06770","{'Tuesday': '11AM–10PM', 'Wednesday': '11AM–10PM', 'Thursday': '11AM–10PM', 'Friday': '11AM–10PM', 'Saturday': '11AM–10PM', 'Sunday': '12–10PM', 'Monday': '11AM–10PM'}",http://mariospizzerianaugatuck.com/,(203) 723-5850,https://marios.programceo.com/,['https://lh5.googleusercontent.com/p/AF1QipO9RwaeJJvJ9i0ydCxn_XP3poqus9bmyxPuCtqK=s795-k-no'],Beacon Falls,Connecticut
41,Teddy B's Restaurant,4.3,232 Google reviews,['Diner'],"136 Amity Rd, Bethany, CT 06524","{'Tuesday': '8AM–10PM', 'Wednesday': '8AM–10PM', 'Thursday': '8AM–10PM', 'Friday': '8AM–10PM', 'Saturday': '8AM–10PM', 'Sunday': '7AM–10PM', 'Monday': '8AM–10PM'}",http://places.singleplatform.com/teddy-bs-restaurant/menu?ref=google,(203) 393-1525,http://www.teddybsrestaurant.com/,['https://lh5.googleusercontent.com/p/AF1QipPwzQ1SYH0dLK_lXuClMEuHeVXlUMn7bpT9Mx4t=s1354-k-no'],Bethany,Connecticut
42,Country Corner Restaurant,4.5,477 Google reviews,"['$$', 'Restaurant']","756 Amity Rd, Bethany, CT 06524","{'Tuesday': '8AM–9PM', 'Wednesday': '8AM–9PM', 'Thursday': '8AM–9PM', 'Friday': '8AM–9PM', 'Saturday': '7AM–9PM', 'Sunday': '7AM–8PM', 'Monday': 'Closed'}",https://www.countrycornerdiner.com/menu,(203) 393-1489,https://www.countrycornerdiner.com/,"['https://lh5.googleusercontent.com/p/AF1QipMyQq7R_DKKYrS2fECUDyuEFUQmzuQ09dt3Jal2=s773-k-no', 'https://lh5.googleusercontent.com/p/AF1QipNmBO7CDcwHB8Tm2nqGO7D0FfslZlzri_q0kZFb=s1016-k-no', 'https://lh5.googleusercontent.com/p/AF1QipPP8TvbGgJYFBoo4lOE8f8iEsYQLPIsU1apjDC9=s1016-k-no', 'https://lh5.googleusercontent.com/p/AF1QipP8nnCBWUtaJIIUlX6EYP35-DcAonONZ7azLrme=s812-k-no', 'https://lh5.googleusercontent.com/p/AF1QipMSJFomFupYxs3draLqxUbduTcM98Oy7HyHmH7n=s812-k-no', 'https://lh5.googleusercontent.com/p/AF1QipOyrA6mUllppQNCBr2Qle3LD1Yd5p9BiTX2ado=s1016-k-no', 'https://lh5.googleusercontent.com/p/AF1QipMDqp07vWxNKZrrNXcwMWrJUOedJDF3mHE0sGM0=s812-k-no', 'https://lh5.googleusercontent.com/p/AF1QipMWl5KQsS2wiR1yVapZvEkhu2IEsCBr0VhZH3Kl=s1031-k-no', 'https://lh5.googleusercontent.com/p/AF1QipO5TpoKfOUr8c7YevFg1nuvJdbHvgZK-GQUmLYS=s1354-k-no', 'https://lh5.googleusercontent.com/p/AF1QipM-Iacu-4N1YSvAoNmroZVuvTQVRC3GlCtKe25W=s773-k-no', 'https://lh5.googleusercontent.com/p/AF1QipObaI7eVNNKpO9jAXvvNNphK6vT_n0IjxN1tA-R=s1031-k-no']",Bethany,Connecticut
43,Grand Apizza of Bethany,4.4,81 Google reviews,['Pizza restaurant'],"119 Amity Rd, Bethany, CT 06524","{'Tuesday': '12–8:30PM', 'Wednesday': '12–8:30PM', 'Thursday': '12–8:30PM', 'Friday': '12–8:30PM', 'Saturday': '12–8:30PM', 'Sunday': '2–8:30PM', 'Monday': 'Closed'}",http://places.singleplatform.com/grand-apizza-2/menu?ref=google,(203) 859-5369,http://grandapizzaofbethany.com/,"['https://lh5.googleusercontent.com/p/AF1QipN4uUNCx6qxdCpwilLsHTUtVuGBg_Z9Fxq_9tUj=s773-k-no', 'https://lh5.googleusercontent.com/p/AF1QipMDnYZUpp3KFr-GOLb8__q0uaVTP5wy6paGMSmU=s1354-k-no', 'https://lh5.googleusercontent.com/p/AF1QipNLeXHXI3sXJUHSk6Idp3ZgIpVRlWcqzKKYL93q=s1354-k-no', 'https://lh5.googleusercontent.com/p/AF1QipMjAkUiVWcHEinAVUYYZaJ_D3kIRAPmLEARQ2gf=s1016-k-no', 'https://lh5.googleusercontent.com/p/AF1QipPFD2xAUCpdd8df5OB17StpldevKniJNsn_ckfl=s1354-k-no']",Bethany,Connecticut
44,Billy's Old-Fashioned Ice Cream and Marketplace,4.5,132 Google reviews,"['$$', 'Restaurant']","742 Amity Rd, Bethany, CT 06524","{'Tuesday': '8AM–6PM', 'Wednesday': '8AM–6PM', 'Thursday': '8AM–6PM', 'Friday': '8AM–6PM', 'Saturday': '8AM–6PM', 'Sunday': '8AM–6PM', 'Monday': 'Closed'}",http://www.billysoldfashionicecream.com/daily-menu/,(203) 691-9185,http://billysmarketplacect.com/,"['https://lh5.googleusercontent.com/p/AF1QipMqaJ2CxgHYbdzxd1K2MBU8389eZf5frSJaxXyr=s880-k-no', 'https://lh5.googleusercontent.com/p/AF1QipOLv-WoI8o0GuE4gQK-Gw8vsVEHBP1BNa7VlmtI=s779-k-no']",Bethany,Connecticut
45,Giuseppe's Italian Pizzeria,4.5,254 Google reviews,"['$$', 'Pizza restaurant']","1183 New Haven Rd, Naugatuck, CT 06770","{'Tuesday': '11AM–9PM', 'Wednesday': '11AM–9PM', 'Thursday': '11AM–9PM', 'Friday': '11AM–10PM', 'Saturday': '11AM–10PM', 'Sunday': '12–9PM', 'Monday': '11AM–9PM'}",,(203) 729-1992,,"['https://lh5.googleusercontent.com/p/AF1QipMSDHHxK2YxMNhisZE0E38UbJ05tn6ToMf7A1gw=s1031-k-no', 'https://lh5.googleusercontent.com/p/AF1QipPRj7ALJ3XprHh2XNwBYNxEpko_eufFJuGpfNDw=s1354-k-no', 'https://lh5.googleusercontent.com/p/AF1QipOswgMmFi8S3FXwubE3137T2nDRabTlf0OQyK6r=s1354-k-no']",Bethany,Connecticut
46,Wen's Asian Fusion,4.7,135 Google reviews,"['$$', 'Japanese restaurant']","799 New Haven Rd, Naugatuck, CT 06770","{'Tuesday': '12–8PM', 'Wednesday': '12–8PM', 'Thursday': '12–8PM', 'Friday': '12–8PM', 'Saturday': '12–8PM', 'Sunday': 'Closed', 'Monday': '12–8PM'}",,(203) 720-1515,http://www.wensmenu.com/,"['https://lh5.googleusercontent.com/p/AF1QipPWHqV5Xcm2tazdynnhtckwkrMHIpNCfB3U1M0-=s1031-k-no', 'https://lh5.googleusercontent.com/p/AF1QipMFC_pKtdlb_0i4yy9vD1HCNchSBwiacwqmsu82=s1031-k-no', 'https://lh5.googleusercontent.com/p/AF1QipMsugCouNMLf9b8_AsnoQRROC7PU_GrVChRVJi_=s1016-k-no', 'https://lh5.googleusercontent.com/p/AF1QipN3EpwFmpptPMwYWI8KTTgeIENUSRveILYt6WUo=s1354-k-no', 'https://lh5.googleusercontent.com/p/AF1QipO48qH0itc1OnF6fHiRolF0fvtFF1PaHFBFfWVM=s1016-k-no', 'https://lh5.googleusercontent.com/p/AF1QipOXTPl-8NUDZFkzsF3jffe5B8GyGsalr0SUXgkz=s1031-k-no', 'https://lh5.googleusercontent.com/p/AF1QipNGQ_0g6hNmF8bmK25tgpwzgxYxJgxZYyCaQQ8Z=s812-k-no']",Bethany,Connecticut
47,The Original Antonio's,4.8,272 Google reviews,"['$$', 'Italian restaurant']","90 N Main St, Beacon Falls, CT 06403","{'Tuesday': '11AM–8:30PM', 'Wednesday': '11AM–8:30PM', 'Thursday': '11AM–8:30PM', 'Friday': '11AM–9PM', 'Saturday': '11AM–9PM', 'Sunday': '12–8:30PM', 'Monday': 'Closed'}",http://www.theoriginalantonios.com/Pages/menu.aspx,(203) 729-8882,http://www.theoriginalantonios.com/,"['https://lh5.googleusercontent.com/p/AF1QipPYuWOp0hTQxyPhWRPa59OAFDUBtFn5skqK6g8W=s773-k-no', 'https://lh5.googleusercontent.com/p/AF1QipNANJY7yWjH-dXZBqZegOzFLaa3hNRWOavcfrKo=s1354-k-no', 'https://lh5.googleusercontent.com/p/AF1QipOx7viGMjL3EyrCO4UOT0TnVpTtThsSZjdIJvwa=s812-k-no', 'https://lh5.googleusercontent.com/p/AF1QipMWhDJ6K5oDasqVFLsspgmkn3amBRYzwSRRKRHu=s812-k-no', 'https://lh5.googleusercontent.com/p/AF1QipPqqRJ-5JQkqdZCm-ptVVAARZQZWi7PaC--THVn=s1031-k-no', 'https://lh5.googleusercontent.com/p/AF1QipPHf-eAF1cB78xc8V5jQQhV7o9Jx0E4xpycgEHb=s1354-k-no', 'https://lh5.googleusercontent.com/p/AF1QipOBKO0qGWpJa3yHB4SPbcUS4ukbJ9NHvqcieb18=s967-k-no', 'https://lh5.googleusercontent.com/p/AF1QipNaJWGJs8ewE6n4YFZ1dIigCkxlJ5GbWwPhf0WZ=s812-k-no', 'https://lh5.googleusercontent.com/p/AF1QipOqpz00mfIfVigoSWiBB5Wbj7fo9moFQH2VTvQy=s1354-k-no', 'https://lh5.googleusercontent.com/p/AF1QipOQSUXwCvBgat3A7S_dJHqNaiDwt1DltkctFsUX=s1354-k-no', 'https://lh5.googleusercontent.com/p/AF1QipOuA1Sm37jmChF0bVsSt-7NKeKZ2OJI8sYIMBnb=s1354-k-no']",Bethany,Connecticut
48,Hunan Wok,3.8,61 Google reviews,"['$$', 'Chinese restaurant']","1183 New Haven Rd, Naugatuck, CT 06770","{'Tuesday': '11AM–8PM', 'Wednesday': '11AM–8PM', 'Thursday': '11AM–8PM', 'Friday': '11AM–8PM', 'Saturday': '11AM–8PM', 'Sunday': '12–8PM', 'Monday': '11AM–8PM'}",https://www.hunanwokct.com/menu,(203) 723-6611,https://www.hunanwokct.com/,"['https://lh5.googleusercontent.com/p/AF1QipN3PcfkPPvHEf9BuFXdPDVHz8j5ChfNco6MXhPi=s1031-k-no', 'https://lh5.googleusercontent.com/p/AF1QipMhi2p77TlYSaE0_ZLP2drrMYudi2IAh9KL6lQG=s1354-k-no', 'https://lh5.googleusercontent.com/p/AF1QipMUqhVgelyzfgi-2muOIPHCPCk99g80lxzSLFG2=s1354-k-no', 'https://lh5.googleusercontent.com/p/AF1QipMKdl_gXw0vAzjvbBBKlfQmQ_QY4eAa-Kok5s70=s1031-k-no', 'https://lh5.googleusercontent.com/p/AF1QipPqTEHzcc9Bi5HniZC9CUIHggJ21ZnLtu4G1ZPE=s1031-k-no']",Bethany,Connecticut
49,Dee-Man's Bar & Grill Family,4.0,76 Google reviews,"['$', 'Family restaurant']","1370 New Haven Rd, Naugatuck, CT 06770","{'Tuesday': '2PM–1AM', 'Wednesday': '2PM–1AM', 'Thursday': '2PM–1AM', 'Friday': '2PM–1AM', 'Saturday': '12:30PM–2AM', 'Sunday': '1:30PM–12AM', 'Monday': '2PM–1AM'}",,(203) 729-7007,,"['https://lh5.googleusercontent.com/p/AF1QipNGXw6rFyBgIeO3Npa0yWNNqQfbU5H_8bPAyiQP=s901-k-no', 'https://lh5.googleusercontent.com/p/AF1QipOvGDW2XNzwcmY8cMRJlsE_OuCVmDrWsHzSp3Nw=s1354-k-no', 'https://lh5.googleusercontent.com/p/AF1QipNKJKHFTvSR4pZ15oHi2ahxWmCBlX4Wm3W_RPYn=s1016-k-no']",Bethany,Connecticut
50,Beacon Falls Pizza Palace,4.5,143 Google reviews,"['$$', 'Pizza restaurant']","125 S Main St, Beacon Falls, CT 06403","{'Tuesday': '11AM–9PM', 'Wednesday': '11AM–9PM', 'Thursday': '11AM–9PM', 'Friday': '11AM–10PM', 'Saturday': '11AM–10PM', 'Sunday': '12–9PM', 'Monday': '11AM–9PM'}",,(203) 723-8705,http://www.beaconfallspizzapalace.com/,"['https://lh5.googleusercontent.com/p/AF1QipOtzYHyzBj73QZqgO5fmiEhsU9HiJGfX_pihQ_n=s923-k-no', 'https://lh5.googleusercontent.com/p/AF1QipOzlv6LIg_6TnrGUilM57kYh1pIaulnE4YkgAHu=s1031-k-no', 'https://lh5.googleusercontent.com/p/AF1QipNrVOFXMGpVpf7wiadGrJC2_N_QCCQPWpima1DP=s773-k-no', 'https://lh5.googleusercontent.com/p/AF1QipOoGXOA-8zrOqz3WKTXTdGmad2YCbJLFad3IVDv=s773-k-no', 'https://lh5.googleusercontent.com/p/AF1QipNPqkrGF1aCDRazzx5DOwy8txauRjIVDJ9dbjso=s812-k-no', 'https://lh5.googleusercontent.com/p/AF1QipNm1tjEpRaADSxuqpSYw8i0oNnTDW0kNK9FbXTE=s1354-k-no', 'https://lh5.googleusercontent.com/p/AF1QipNqEzRhfp1t57-TZIcpl17z4x6J7pL6GlvVd5yL=s1354-k-no', 'https://lh5.googleusercontent.com/p/AF1QipOQJtjozGfineg1taXvh8ag9US2rdetKiRGGFk3=s1354-k-no']",Bethany,Connecticut
51,Zois Pizza Palace,4.4,430 Google reviews,"['$', 'Pizza restaurant']","48 Main St, Seymour, CT 06483","{'Tuesday': '11AM–9PM', 'Wednesday': '11AM–9PM', 'Thursday': '11AM–9PM', 'Friday': '11AM–9:30PM', 'Saturday': '11AM–9:30PM', 'Sunday': '2–9PM', 'Monday': 'Closed'}",http://www.zoispizza.com/menu.php,(203) 888-1131,http://www.zoispizza.com/,['https://lh5.googleusercontent.com/p/AF1QipMbVwM7K08IOgkXC0u3mMsRQK3045xWQ4aRNEW7=s1000-k-no'],Bethany,Connecticut
52,Funcle's Café,4.8,28 Google reviews,['Restaurant'],"3584 Whitney Ave, Hamden, CT 06518","{'Tuesday': '7:30AM–3PM', 'Wednesday': '7:30AM–3PM', 'Thursday': '7:30AM–3PM', 'Friday': '7:30AM–3PM', 'Saturday': '7:30AM–3PM', 'Sunday': '8:30AM–3PM', 'Monday': 'Closed'}",http://funclescafe.com/,(203) 823-9661,https://funclescafe.com/,"['https://lh5.googleusercontent.com/p/AF1QipPJyWvEQvEdb2BkX2X-25o2_Hd_tfNl2D7a6CNq=s652-k-no', 'https://lh5.googleusercontent.com/p/AF1QipMqR-vXk03xzfqypjowoWJ1vP3oUYzg4roKEFDE=s1031-k-no', 'https://lh5.googleusercontent.com/p/AF1QipMY3Zw2DVrMHcR34ZduGfVMFPtvFItg0umX2b-w=s1354-k-no', 'https://lh5.googleusercontent.com/p/AF1QipN2xve4kj3BvCcCSW7NbS_cUyv3YHfenZuMYTPL=s812-k-no', 'https://lh5.googleusercontent.com/p/AF1QipOiAHCN0SRt-ihSV4yuArZlvWFEpsyTIZYWyoaQ=s1016-k-no', 'https://lh5.googleusercontent.com/p/AF1QipMi-Pl6_QMoxa7jEqNyFIRFriBA9oh_ODD47qg9=s1226-k-no', 'https://lh5.googleusercontent.com/p/AF1QipP8l-QkQ0yjWhOyltC0kj89VRv6tWNWMfJROt0C=s1354-k-no']",Bethany,Connecticut
53,Tea With Tracy,4.7,262 Google reviews,"['$$', 'Tea house']","16 Bank St #110, Seymour, CT 06483","{'Tuesday': '8AM–4PM', 'Wednesday': '8AM–4PM', 'Thursday': '8AM–4PM', 'Friday': '8AM–4PM', 'Saturday': '8AM–4PM', 'Sunday': '8AM–4PM', 'Monday': 'Closed'}",http://teawithtracy.squarespace.com/teamenu/,(203) 881-5484,https://teawithtracy.squarespace.com/about,"['https://lh5.googleusercontent.com/p/AF1QipMIusmJY-jR5eU7pmM1vLGkL8ip_bk3wwsZaQ2O=s901-k-no', 'https://lh5.googleusercontent.com/p/AF1QipOArevihe5XMfvpMDp6mOzbk_hxB33UE-Fktwm5=s812-k-no', 'https://lh5.googleusercontent.com/p/AF1QipMyAvfjwUj974o1DsP3OSjqYWj45V5e_Vun_2VO=s1354-p-k-no', 'https://lh5.googleusercontent.com/p/AF1QipNCiigCrquYliXKTsfbA03r7WAebhnDI21KrklS=s773-k-no', 'https://lh5.googleusercontent.com/p/AF1QipO1IEBy_vTEUP7cMqZQu9JIKe73ONTCS14l4BkK=s901-k-no', 'https://lh5.googleusercontent.com/p/AF1QipNx6tlkiTOHVXtYVgzy1ZzKWfAYEmpSE1WYL1cc=s773-k-no', 'https://lh5.googleusercontent.com/p/AF1QipOkf9Fb8M2YQBpg5fF5teJwMcNKpzbSl7Eh_lqc=s901-k-no', 'https://lh5.googleusercontent.com/p/AF1QipOwCrVl519f2uc5FuA5fYCywzeTaeiClwuzdUgT=s901-k-no', 'https://lh5.googleusercontent.com/p/AF1QipN338Fyq8l-3NcAOX13_rmJwgRlgt_6sdRNYvY=s773-k-no', 'https://lh5.googleusercontent.com/p/AF1QipM9ztO4EJe_oBAmUT94diGa47eqKJEYQpcFbzQ=s1016-k-no', 'https://lh5.googleusercontent.com/p/AF1QipO8PkQw2mcOmCYgqWDzSHs8EWJ-6HH7fnXgfDU=s1354-k-no', 'https://lh5.googleusercontent.com/p/AF1QipNmDWoPvUut0QhldvQw4Mgwl2UfVBukB0GkZ3eI=s901-k-no', 'https://lh5.googleusercontent.com/p/AF1QipMR6iLCWa8-ZJEVQoaV5pJccSeGQ8egzpRf79r-=s1016-k-no', 'https://lh5.googleusercontent.com/p/AF1QipNd7GUlWozLxAwHkha-CQ4ze6U1xnLBQqr4FFtx=s773-k-no', 'https://lh5.googleusercontent.com/p/AF1QipPDn9Jhy0vlUUHqPAmvY8XdAcl9E_tmN2FJK1Eh=s773-k-no', 'https://lh5.googleusercontent.com/p/AF1QipOmjwu523qf-tddYxS9CXVyTVPJR0o-YwrUtG4=s773-k-no', 'https://lh5.googleusercontent.com/p/AF1QipM13HN-AG2q2HmBl5D4O0Fao60iPj01IM26hkOk=s773-k-no']",Bethany,Connecticut
54,Seymour Garden Take Out Restaurant,4.6,69 Google reviews,"['$', 'Chinese restaurant']","59 New Haven Rd, Seymour, CT 06483","{'Tuesday': '11AM–9PM', 'Wednesday': '11AM–9PM', 'Thursday': '11AM–9PM', 'Friday': '11AM–10PM', 'Saturday': '12–10PM', 'Sunday': 'Closed', 'Monday': '11AM–9PM'}",http://places.singleplatform.com/seymour-garden/menu?ref=google,(203) 881-5444,,"['https://lh5.googleusercontent.com/p/AF1QipNQsjDZN2iDA7XiNhXFyteCCC39vddAqOG3typ3=s893-k-no', 'https://lh5.googleusercontent.com/p/AF1QipMn2_QRx6S5cZCITvEgarGa0cKs6__j06PppL-j=s883-k-no']",Bethany,Connecticut
55,Goldie's,4.4,86 Google reviews,['Deli'],"45 New Haven Rd, Seymour, CT 06483","{'Tuesday': '8AM–7PM', 'Wednesday': '8AM–7PM', 'Thursday': '8AM–7PM', 'Friday': '8AM–7PM', 'Saturday': '8AM–3PM', 'Sunday': 'Closed', 'Monday': '8AM–7PM'}",,(203) 463-8718,https://www.facebook.com/goldies62017/,"['https://lh5.googleusercontent.com/p/AF1QipNB2_dwAmVVgLfnU2ZoWJ_4TSFcFS_sumVpMmZm=s1031-k-no', 'https://lh5.googleusercontent.com/p/AF1QipNue463bRhiyjMkUeXC7NdoTQflAspJijkPsUR3=s1083-k-no', 'https://lh5.googleusercontent.com/p/AF1QipPUmA_6ZHqJTuZFeaBedbLwzYPop9d5RaS4CAHH=s1031-k-no', 'https://lh5.googleusercontent.com/p/AF1QipO6uXIP9sWy7wAhHY1vIPd6kuJB86Tlzo03BWUd=s773-k-no']",Bethany,Connecticut
56,Thai Dish & Burger,4.5,143 Google reviews,"['$', 'Thai restaurant']","56 Pearl St, Seymour, CT 06483","{'Tuesday': '11AM–9PM', 'Wednesday': '11AM–9PM', 'Thursday': '11AM–9PM', 'Friday': '11AM–9PM', 'Saturday': '11AM–9PM', 'Sunday': '4–9PM', 'Monday': '11AM–9PM'}",https://www.thaidishandburger.com/#menu,(203) 463-8951,https://www.thaidishandburger.com/,"['https://lh5.googleusercontent.com/p/AF1QipP5zOLR5oU0yYmkcR7vbmGcXCkALzYMtOPl8Rma=s773-k-no', 'https://lh5.googleusercontent.com/p/AF1QipPRAdw29DLNb_euOJRXfG_oC43ZYFuwAu38zo5Y=s1016-k-no', 'https://lh5.googleusercontent.com/p/AF1QipPd6C9jeowNziBNCiR59n8YLx0kpLa5k-2MJ6FN=s1031-k-no', 'https://lh5.googleusercontent.com/p/AF1QipP8Ewdx2tboriNbX3M7NOmYIRQi0q7r0RZLDDPd=s773-k-no', 'https://lh5.googleusercontent.com/p/AF1QipP-RkwvCbug29FLcAtPxWj3fR3C82rSARKARwjV=s1354-k-no', 'https://lh5.googleusercontent.com/p/AF1QipNupFJus6-idcFFc7b56PtXW8eap8qIHUa5oTfD=s1354-k-no', 'https://lh5.googleusercontent.com/p/AF1QipNDB2LRS45eyGyZZN-g2-2cdFriIP7lZ0q_cgr9=s773-k-no', 'https://lh5.googleusercontent.com/p/AF1QipNp67brqq4tYQNdgjcOmwv6cmFu2nibBaudzuia=s773-k-no']",Bethany,Connecticut
57,New Harvest Restaurant,4.3,60 Google reviews,"['$$', 'American restaurant']","57 S Main St, Beacon Falls, CT 06403","{'Tuesday': '3:30–10PM', 'Wednesday': '3:30–10PM', 'Thursday': '3:30–10PM', 'Friday': '3:30PM–12AM', 'Saturday': '3:30PM–12AM', 'Sunday': '1:30–7PM', 'Monday': '3:30–10PM'}",,(203) 632-8012,http://www.facebook.com/newharvestrestaurant,"['https://lh5.googleusercontent.com/p/AF1QipP35v-Yzx8v9nyriS0Lg8aHVsx_0vAta3iJGmC8=s1031-k-no', 'https://lh5.googleusercontent.com/p/AF1QipNeNPidfqt0MNop46vOnSRHp96oyBEjMKLYgIC6=s836-k-no', 'https://lh5.googleusercontent.com/p/AF1QipMaRJmUiRpnTcrqhUV8oMPhsmA4erut1dumUgyy=s960-k-no']",Bethany,Connecticut
58,Bethany Fuel LLC,5.0,18 Google reviews,['Heating oil supplier'],,"{'Tuesday': 'Open 24 hours', 'Wednesday': 'Open 24 hours', 'Thursday': 'Open 24 hours', 'Friday': 'Open 24 hours', 'Saturday': 'Open 24 hours', 'Sunday': 'Open 24 hours', 'Monday': 'Open 24 hours'}",,(203) 308-4645,http://bethanyfuel.com/,"['https://lh5.googleusercontent.com/p/AF1QipOsgeIZ5W13nmSwdKx53NCTuDQEHNkeTj7ejw85=s1054-k-no', 'https://lh5.googleusercontent.com/p/AF1QipORLX0YVjMEk2NkzCjhNmh5HCriZZJEFz0OsexA=s824-k-no', 'https://lh5.googleusercontent.com/p/AF1QipMHvIhNqI96DllreY8Hb2OQ_j6ooGhShf7rem5Y=s815-k-no', 'https://lh5.googleusercontent.com/p/AF1QipMIAExUUxS8Vix9_5F2xSoVeOWqXHCP6ilw8VkG=s773-k-no']",Bethany,Connecticut
59,Jimmies Place,4.5,66 Google reviews,['American restaurant'],"133 Main St, Seymour, CT 06483","{'Tuesday': '10AM–1AM', 'Wednesday': '10AM–1AM', 'Thursday': '10AM–1AM', 'Friday': '10AM–1AM', 'Saturday': '10AM–1AM', 'Sunday': '10AM–1AM', 'Monday': '10AM–1AM'}",,(203) 881-3026,,"['https://lh5.googleusercontent.com/p/AF1QipMvf2qeki1HMauA11z7K880JkvgP8sK_Qa1AruE=s1031-k-no', 'https://lh5.googleusercontent.com/p/AF1QipMFBlFhFXRUyJMvLdpG-MaB8-SJLoUhM382mBQ=s1016-k-no', 'https://lh5.googleusercontent.com/p/AF1QipOLshbbsP3THkPIFbkfWJN4xTUY42CXB-mZUUGh=s1354-k-no', 'https://lh5.googleusercontent.com/p/AF1QipPMnL5WAGQ0vUrL1mbvXi7dYYOg9MvqFqiyF3_K=s773-k-no', 'https://lh5.googleusercontent.com/p/AF1QipN1nlxv3K-CBQGv6ykAq_8B5GppRK-Y0H558Bhj=s1354-k-no', 'https://lh5.googleusercontent.com/p/AF1QipN3EsXE7rmuJ-6hHVX3OnZ-dmbS3QQQdWIJ3V5N=s1031-k-no', 'https://lh5.googleusercontent.com/p/AF1QipOtXd2YEJ5cT5gwIt9OOMDEcyg2W8Gmq9VQPwJZ=s1016-k-no']",Bethany,Connecticut
60,American Forged Pub,4.9,33 Google reviews,['Bar'],"1221 New Haven Rd, Naugatuck, CT 06770","{'Tuesday': '5–10PM', 'Wednesday': '7–11AM, 5–10PM', 'Thursday': '7–11AM, 5–10PM', 'Friday': '7–11AM, 5–10PM', 'Saturday': '8–11AM, 5–10PM', 'Sunday': '9AM–12PM', 'Monday': '5–10PM'}",,(203) 714-6667,https://american-forged-pub.business.site/?utm_source=gmb&utm_medium=referral,"['https://lh5.googleusercontent.com/p/AF1QipM1fEccNMfcQpQzkxC55AVGePCF5PQVdRzOoHKN=s1031-k-no', 'https://lh5.googleusercontent.com/p/AF1QipNky0Q5AeEH2dWZvVBmz9hc8GmMAcY3OepYn9rk=s1193-k-no', 'https://lh5.googleusercontent.com/p/AF1QipNB6BhG_ESq7DfcCQs7aNEHZ9-UVN0Ldxjlqon2=s1354-k-no', 'https://lh5.googleusercontent.com/p/AF1QipONOQceRD9rdmOEqF3d3dyByylt8U2spKtWakxG=s773-k-no', 'https://lh5.googleusercontent.com/p/AF1QipPGOnKg7D_vPJEyNrdl3wn7cA6VhycmqNn6dhqb=s773-k-no', 'https://lh5.googleusercontent.com/p/AF1QipO_pDGsxeZjZXv-GAiupKBKW7-qA9yrBE4AdbbQ=s1193-k-no', 'https://lh5.googleusercontent.com/p/AF1QipOPQoxDlRHYkAUV6wPb6ri12OaBnsdbzu-0Dygo=s1193-k-no']",Bethany,Connecticut
